,Country,Date,Women
0,Australia,1990,7.2
1,Australia,1995,8.1
2,Australia,2000,6.1
3,Australia,2005,5.2
4,Australia,2010,5.4
5,Australia,2015,6.1
6,Austria,1995,4.3
7,Austria,2000,3.8
8,Austria,2005,5.9
9,Austria,2010,4.6
10,Austria,2015,5.3
11,Belgium,1990,11.5
12,Belgium,1995,12.3
13,Belgium,2000,8.7
14,Belgium,2005,9.5
15,Belgium,2010,8.5
16,Belgium,2015,7.8
17,Canada,1990,8.1
18,Canada,1995,9.1
19,Canada,2000,6.7
20,Canada,2005,6.5
21,Canada,2010,7.3
22,Canada,2015,6.3
23,Czech Republic,1995,4.8
24,Czech Republic,2000,10.6
25,Czech Republic,2005,9.8
26,Czech Republic,2010,8.5
27,Czech Republic,2015,6.1
28,Denmark,1990,9.0
29,Denmark,1995,8.6
30,Denmark,2000,5.1
31,Denmark,2005,5.1
32,Denmark,2010,6.7
33,Denmark,2015,6.3
34,Finland,1990,2.6
35,Finland,1995,15.1
36,Finland,2000,10.6
37,Finland,2005,8.7
38,Finland,2010,7.7
39,Finland,2015,8.8
40,France,1990,10.0
41,France,1995,11.6
42,France,2000,9.9
43,France,2005,9.6
44,France,2010,9.5
45,France,2015,9.9
46,Germany,1990,5.9
47,Germany,1995,9.4
48,Germany,2000,8.1
49,Germany,2005,10.9
50,Germany,2010,6.6
51,Germany,2015,4.2
52,Greece,1990,12.0
53,Greece,1995,14.1
54,Greece,2000,17.2
55,Greece,2005,15.4
56,Greece,2010,16.3
57,Greece,2015,28.9
58,Hungary,1995,8.7
59,Hungary,2000,5.6
60,Hungary,2005,7.5
61,Hungary,2010,10.7
62,Hungary,2015,7.0
63,Iceland,1995,4.9
64,Iceland,2000,2.9
65,Iceland,2005,2.8
66,Iceland,2010,7.2
67,Iceland,2015,4.6
68,Ireland,1990,14.1
69,Ireland,1995,12.2
70,Ireland,2000,3.6
71,Ireland,2005,3.5
72,Ireland,2010,11.2
73,Ireland,2015,8.9
74,Italy,1990,17.7
75,Italy,1995,16.2
76,Italy,2000,14.5
77,Italy,2005,10.0
78,Italy,2010,9.6
79,Italy,2015,12.7
80,Japan,1990,2.2
81,Japan,1995,3.3
82,Japan,2000,4.5
83,Japan,2005,4.2
84,Japan,2010,4.5
85,Japan,2015,3.0
86,Korea,1990,1.8
87,Korea,1995,1.7
88,Korea,2000,3.6
89,Korea,2005,3.4
90,Korea,2010,3.3
91,Korea,2015,3.5
92,Luxembourg,1990,2.5
93,Luxembourg,1995,4.4
94,Luxembourg,2000,3.1
95,Luxembourg,2005,5.8
96,Luxembourg,2010,5.1
97,Luxembourg,2015,7.3
98,Mexico,1995,8.6
99,Mexico,2000,3.3
100,Mexico,2005,3.9
101,Mexico,2010,5.2
102,Mexico,2015,4.5
103,Netherlands,1990,10.6
104,Netherlands,1995,8.7
105,Netherlands,2000,3.9
106,Netherlands,2005,6.9
107,Netherlands,2010,5.5
108,Netherlands,2015,7.3
109,New Zealand,1990,7.5
110,New Zealand,1995,6.5
111,New Zealand,2000,6.0
112,New Zealand,2005,4.1
113,New Zealand,2010,6.9
114,New Zealand,2015,5.9
115,Norway,1990,4.8
116,Norway,1995,4.6
117,Norway,2000,3.2
118,Norway,2005,4.2
119,Norway,2010,2.9
120,Norway,2015,4.0
121,Poland,1995,15.1
122,Poland,2000,18.4
123,Poland,2005,19.1
124,Poland,2010,10.0
125,Poland,2015,7.7
126,Portugal,1990,6.5
127,Portugal,1995,8.0
128,Portugal,2000,4.9
129,Portugal,2005,8.6
130,Portugal,2010,11.9
131,Portugal,2015,12.7
132,Slovak Republic,1995,13.8
133,Slovak Republic,2000,18.6
134,Slovak Republic,2005,17.2
135,Slovak Republic,2010,14.6
136,Slovak Republic,2015,12.9
137,Spain,1990,24.5
138,Spain,1995,30.8
139,Spain,2000,20.5
140,Spain,2005,12.0
141,Spain,2010,20.2
142,Spain,2015,23.5
143,Sweden,1990,1.8
144,Sweden,1995,8.2
145,Sweden,2000,5.4
146,Sweden,2005,7.5
147,Sweden,2010,8.5
148,Sweden,2015,7.2
149,Switzerland,1995,3.9
150,Switzerland,2000,3.1
151,Switzerland,2005,5.1
152,Switzerland,2010,5.2
153,Switzerland,2015,4.9
154,Turkey,1990,8.5
155,Turkey,1995,7.3
156,Turkey,2000,6.3
157,Turkey,2005,11.2
158,Turkey,2010,13.0
159,Turkey,2015,12.7
160,United Kingdom,1990,6.5
161,United Kingdom,1995,6.8
162,United Kingdom,2000,4.7
163,United Kingdom,2005,4.4
164,United Kingdom,2010,6.6
165,United Kingdom,2015,5.1
166,United States,1990,5.5
167,United States,1995,5.6
168,United States,2000,4.1
169,United States,2005,5.1
170,United States,2010,8.6
171,United States,2015,5.2
172,Brazil,2005,12.2
173,Chile,2000,12.5
174,Chile,2005,12.3
175,Chile,2010,9.6
176,Chile,2015,6.8
177,China (People's Republic of),2000,3.7
178,China (People's Republic of),2010,3.2
179,Colombia,2005,15.9
180,Colombia,2010,15.7
181,Colombia,2015,11.8
182,Costa Rica,1990,5.7
183,Costa Rica,1995,6.5
184,Costa Rica,2000,6.6
185,Costa Rica,2005,9.3
186,Costa Rica,2010,11.0
187,Costa Rica,2015,12.2
188,Estonia,1990,0.7
189,Estonia,1995,8.9
190,Estonia,2000,13.2
191,Estonia,2005,6.9
192,Estonia,2010,14.1
193,Estonia,2015,6.1
194,India,2000,4.2
195,India,2005,5.0
196,India,2010,4.3
197,Indonesia,2010,8.5
198,Israel,1990,14.0
199,Israel,1995,10.7
200,Israel,2000,11.1
201,Israel,2005,11.6
202,Israel,2010,7.9
203,Israel,2015,5.4
204,Latvia,2000,13.2
205,Latvia,2005,10.0
206,Latvia,2010,16.3
207,Latvia,2015,8.6
208,Lithuania,2000,14.0
209,Lithuania,2005,8.5
210,Lithuania,2010,14.5
211,Lithuania,2015,8.2
212,Russia,1995,9.2
213,Russia,2000,10.4
214,Russia,2005,6.9
215,Russia,2010,6.8
216,Russia,2015,5.3
217,Slovenia,2000,7.1
218,Slovenia,2005,7.0
219,Slovenia,2010,7.0
220,Slovenia,2015,10.0
221,South Africa,2005,28.2
222,South Africa,2010,27.0
223,South Africa,2015,27.5
224,Australia,2016,5.8
225,Austria,2016,5.5
226,Belgium,2016,7.6
227,Canada,2016,6.3
228,Czech Republic,2016,4.7
229,Denmark,2016,6.2
230,Finland,2016,8.6
231,France,2016,9.8
232,Germany,2016,3.7
233,Greece,2016,28.1
234,Hungary,2016,5.1
235,Iceland,2016,3.4
236,Ireland,2016,7.5
237,Italy,2016,12.8
238,Japan,2016,2.9
239,Korea,2016,3.6
240,Luxembourg,2016,6.6
241,Mexico,2016,3.9
242,Netherlands,2016,6.5
243,New Zealand,2016,5.5
244,Norway,2016,3.9
245,Poland,2016,6.2
246,Portugal,2016,11.2
247,Slovak Republic,2016,10.7
248,Spain,2016,21.4
249,Sweden,2016,6.5
250,Switzerland,2016,5.0
251,Turkey,2016,13.7
252,United Kingdom,2016,4.7
253,United States,2016,4.8
254,Brazil,2015,10.4
255,Chile,2016,7.0
256,Colombia,2016,12.1
257,Costa Rica,2016,12.1
258,Estonia,2016,6.1
259,Israel,2016,4.9
260,Latvia,2016,8.4
261,Lithuania,2016,6.7
262,Russia,2016,5.3
263,Slovenia,2016,8.6
264,South Africa,2016,28.9
265,Australia,2017,5.7
266,Austria,2017,5.0
267,Belgium,2017,7.1
268,Canada,2017,5.9
269,Czech Republic,2017,3.6
270,Denmark,2017,6.0
271,Finland,2017,8.4
272,France,2017,9.3
273,Germany,2017,3.3
274,Greece,2017,26.1
275,Hungary,2017,4.6
276,Iceland,2017,3.2
277,Ireland,2017,6.0
278,Italy,2017,12.4
279,Japan,2017,2.7
280,Korea,2017,3.5
281,Luxembourg,2017,5.5
282,Mexico,2017,3.6
283,Netherlands,2017,5.3
284,New Zealand,2017,5.2
285,Norway,2017,3.7
286,Poland,2017,4.9
287,Portugal,2017,9.3
288,Slovak Republic,2017,8.4
289,Spain,2017,19.0
290,Sweden,2017,6.4
291,Switzerland,2017,5.1
292,Turkey,2017,14.1
293,United Kingdom,2017,4.2
294,United States,2017,4.3
295,Brazil,2016,13.1
296,Brazil,2017,14.5
297,Bulgaria,2000,16.7
298,Bulgaria,2005,9.8
299,Bulgaria,2010,9.6
300,Bulgaria,2015,8.4
301,Bulgaria,2016,7.0
302,Bulgaria,2017,5.9
303,Chile,2017,7.2
304,Colombia,2017,12.3
305,Costa Rica,2017,11.6
306,Croatia,2005,13.8
307,Croatia,2010,12.3
308,Croatia,2015,17.0
309,Croatia,2016,13.8
310,Croatia,2017,11.9
311,Cyprus,2000,7.3
312,Cyprus,2005,6.5
313,Cyprus,2010,6.4
314,Cyprus,2015,14.9
315,Cyprus,2016,13.3
316,Cyprus,2017,11.3
317,Estonia,2017,5.3
318,Indonesia,2000,6.7
319,Indonesia,2005,14.1
320,Indonesia,2015,6.1
321,Indonesia,2016,5.4
322,Indonesia,2017,5.4
323,Israel,2017,4.3
324,Latvia,2017,7.7
325,Lithuania,2017,5.7
326,North Macedonia,2010,32.2
327,North Macedonia,2015,25.1
328,North Macedonia,2016,22.7
329,North Macedonia,2017,21.8
330,Malta,2000,6.5
331,Malta,2005,8.4
332,Malta,2010,7.1
333,Malta,2015,5.2
334,Malta,2016,5.2
335,Malta,2017,4.3
336,Romania,2000,6.4
337,Romania,2005,6.4
338,Romania,2010,6.2
339,Romania,2015,5.8
340,Romania,2016,5.0
341,Romania,2017,4.0
342,Russia,2017,5.0
343,Slovenia,2017,7.5
344,South Africa,2017,29.4
345,Australia,2018,5.3
346,Austria,2018,4.7
347,Belgium,2018,5.6
348,Canada,2018,5.6
349,Czech Republic,2018,2.8
350,Denmark,2018,5.1
351,Finland,2018,7.3
352,France,2018,9.1
353,Germany,2018,2.9
354,Greece,2018,24.2
355,Hungary,2018,4.0
356,Iceland,2018,3.0
357,Ireland,2018,5.2
358,Italy,2018,11.8
359,Japan,2018,2.3
360,Korea,2018,3.7
361,Luxembourg,2018,5.9
362,Mexico,2018,3.4
363,Netherlands,2018,4.0
364,New Zealand,2018,4.5
365,Norway,2018,3.5
366,Poland,2018,3.8
367,Portugal,2018,7.4
368,Slovak Republic,2018,7.0
369,Spain,2018,17.0
370,Sweden,2018,6.2
371,Switzerland,2018,5.1
372,Turkey,2018,13.9
373,United Kingdom,2018,4.1
374,United States,2018,3.8
375,Brazil,2018,13.8
376,Bulgaria,2018,4.7
377,Chile,2018,7.7
378,Colombia,2018,12.7
379,Costa Rica,2018,13.2
380,Croatia,2018,9.3
381,Cyprus,2018,8.7
382,Estonia,2018,5.3
383,India,2018,9.0
384,Israel,2018,4.0
385,Latvia,2018,6.4
386,Lithuania,2018,5.4
387,North Macedonia,2018,19.9
388,Malta,2018,3.6
389,Romania,2018,3.5
390,Russia,2018,4.7
391,Slovenia,2018,5.7
392,South Africa,2018,29.0
393,Australia,2019,5.1
394,Austria,2019,4.3
395,Belgium,2019,4.9
396,Canada,2019,5.3
397,Czech Republic,2019,2.4
398,Denmark,2019,5.0
399,Finland,2019,6.2
400,France,2019,8.4
401,Germany,2019,2.7
402,Greece,2019,21.5
403,Hungary,2019,3.5
404,Iceland,2019,3.4
405,Ireland,2019,3.8
406,Italy,2019,11.1
407,Japan,2019,2.2
408,Korea,2019,3.6
409,Luxembourg,2019,5.5
410,Mexico,2019,3.5
411,Netherlands,2019,3.4
412,New Zealand,2019,4.4
413,Norway,2019,3.4
414,Poland,2019,3.6
415,Portugal,2019,7.2
416,Slovak Republic,2019,6.0
417,Spain,2019,16.0
418,Sweden,2019,6.9
419,Switzerland,2019,4.7
420,Turkey,2019,16.5
421,United Kingdom,2019,3.6
422,United States,2019,3.6
423,Brazil,2019,14.0
424,Chile,2019,7.7
425,Colombia,2019,13.7
426,Costa Rica,2019,15.3
427,Estonia,2019,4.8
428,Indonesia,2018,5.3
429,Indonesia,2019,5.2
430,Israel,2019,3.9
431,Latvia,2019,5.4
432,Lithuania,2019,5.5
433,Russia,2019,4.4
434,Slovenia,2019,5.0
435,South Africa,2019,30.5
436,Australia,2020,6.4
437,Austria,2020,5.2
438,Belgium,2020,5.4
439,Canada,2020,9.4
440,Czech Republic,2020,3.0
441,Denmark,2020,5.9
442,Finland,2020,7.5
443,France,2020,8.0
444,Greece,2020,19.8
445,Hungary,2020,4.5
446,Iceland,2020,6.3
447,Ireland,2020,4.5
448,Italy,2020,10.2
449,Japan,2020,2.5
450,Korea,2020,4.0
451,Luxembourg,2020,7.0
452,Mexico,2020,4.2
453,Netherlands,2020,4.0
454,New Zealand,2020,5.0
455,Norway,2020,4.1
456,Poland,2020,3.3
457,Portugal,2020,7.1
458,Slovak Republic,2020,7.1
459,Spain,2020,17.4
460,Sweden,2020,8.3
461,Switzerland,2020,5.0
462,Turkey,2020,14.8
463,United Kingdom,2020,4.1
464,United States,2020,8.3
465,Brazil,2020,15.9
466,Chile,2020,10.9
467,Colombia,2020,20.5
468,Costa Rica,2020,25.4
469,Estonia,2020,6.6
470,India,2019,8.7
471,Israel,2020,4.1
472,Latvia,2020,7.1
473,Lithuania,2020,7.7
474,Russia,2020,5.7
475,Slovenia,2020,5.6
476,South Africa,2020,31.0
